<?xml version="1.0" encoding="UTF-8" standalone="yes"?>
<addon id="plugin.video.frenchdj.media.center"
       name="Frenchdj Media Center"
       version="1.0"
       provider-name="frenchdj">
  <requires>
    <import addon="xbmc.python" version="2.1.0"/>
    <import addon="script.module.beautifulsoup" version="3.2.1"/>
    <import addon="script.module.simple.downloader" version="0.9.4"/>
    <import addon="script.module.beautifulsoup4" />
    <import addon="script.module.requests" />
    <import addon="script.module.httplib2" />
    <import addon="script.module.youtube.dl" optional="true"/>
    <import addon="plugin.video.youtube" optional="true" />
    <import addon="script.module.urlresolver" optional="false"/>
    <import addon="script.module.simplejson" />    
     <import addon="script.module.livestreamer" optional="true"/>
  </requires>
  <extension point="xbmc.python.pluginsource" library="default.py">
    <provides>video</provides>
  </extension>
  <extension point="xbmc.addon.metadata">
    <summary>Media Center [ Home ]</summary>
    <description>Media Center com os seguintes addons: 
Alive HD - Concertos e performances de Djs com Qualidade HD
PT DocS HD - Documentários em HD
Jami - Séries de Desenhos animados em [PT] e [BR] 
Traquinas - Filmes de desenhos animados em [PT] e [BR]
Outros [ Integrações de addons devidamente reconhecidos e com a identificação dos seus providers ]
[B][COLOR lime]Para que haja um bom funcionamento deste addon, o URL RESOLVER tem de estar activo e atualizado no kodi.[/COLOR][/B]</description>
    <platform>all</platform>
  </extension>
</addon>
