<?xml version="1.0" encoding="UTF-8" standalone="yes"?>
<addon id="plugin.video.inspiration"
       name="Inspiration Live TV"
       version="2.6"
       provider-name="inspiration">
  <requires>
    <import addon="xbmc.python" version="2.1.0"/>
	<import addon="script.module.t0mm0.common" version="2.0.0"/>
    <import addon="script.module.beautifulsoup" version="3.2.1"/>
    <import addon="script.module.simple.downloader" version="0.9.4"/>
    <import addon="script.module.beautifulsoup4" />
    <import addon="script.module.simple.downloader" version="0.9.4"/>
    <import addon="script.module.requests" />
    <import addon="script.module.httplib2" />
    <import addon="script.module.youtube.dl" optional="true"/>
    <import addon="plugin.video.youtube" version="3.0.0"/>
    <import addon="script.module.urlresolver" optional="true"/>
    <import addon="script.module.simplejson" /> 
    <import addon="script.common.plugin.cache" version="2.5.2"/>
    <import addon="script.module.metahandler" version="2.5.1"/>

  </requires>
  <extension point="xbmc.python.pluginsource" library="default.py">
    <provides>video</provides>
  </extension>
  <extension point="xbmc.addon.metadata">
    <summary lang="pt">Inspiration Live TV Reune uma grande variedades de Conteudos e Tematicas</summary>
    <description lang="pt">IMPORTANTE: Para aceder a todo o conteudo necessita de instalar varios Plugins 
f4mtester - f4mproxy - Sports Devil - Plexus
Encontrara toda a Informacao e Novidades em:
www.jerrymoz.wordpress.com E www.facebook.com/inpirationlinks</description>
    <platform>all</platform>
  </extension>
</addon>
